reported_sector,suggested_sector,reported_desc,suggested_desc,reported_rate,suggested_rate,rate_delta,direction,n_establishments,total_employees,total_annual_loss,avg_loss_per_establishment
23,54,Construction/Carpentry,Professional Services,11.61,0.21,-11.40,OVERPAYING,490,804854,6842965290.48,13965235.29
49,62,Warehousing,Healthcare/Physicians,7.18,0.94,-6.24,OVERPAYING,561,685746,3191319248.83,5688626.11
23,92,Construction/Carpentry,Public Administration,11.61,0.36,-11.25,OVERPAYING,93,210203,1763655720.75,18964040.01
49,51,Warehousing,Information/Tech,7.18,0.42,-6.76,OVERPAYING,325,275749,1390218364.39,4277594.97
45,51,Retail/General Merch,Information/Tech,2.74,0.42,-2.32,OVERPAYING,2530,771570,1335013621.92,527673.37
45,62,Retail/General Merch,Healthcare/Physicians,2.74,0.94,-1.80,OVERPAYING,3665,937539,1258589855.16,343407.87
23,51,Construction/Carpentry,Information/Tech,11.61,0.42,-11.19,OVERPAYING,135,127678,1065537004.36,7892866.70
33,54,Metal/Electronics Mfg,Professional Services,4.87,0.21,-4.66,OVERPAYING,151,171963,597645025.16,3957914.07
48,51,Transportation/Trucking,Information/Tech,7.88,0.42,-7.46,OVERPAYING,182,80573,448281421.76,2463084.73
23,81,Construction/Carpentry,Other Services,11.61,1.73,-9.88,OVERPAYING,56,60612,446619764.45,7975352.94
23,44,Construction/Carpentry,Retail/Grocery,11.61,3.99,-7.62,OVERPAYING,28,60970,346492266.12,12374723.79
33,92,Metal/Electronics Mfg,Public Administration,4.87,0.36,-4.51,OVERPAYING,112,101708,342100757.06,3054471.05
33,51,Metal/Electronics Mfg,Information/Tech,4.87,0.42,-4.45,OVERPAYING,130,99224,329305603.44,2533120.03
54,48,Professional Services,Transportation/Trucking,0.21,7.88,7.67,UNDERPAYING,15,56847,325181098.24,21678739.88
42,54,Wholesale Trade,Professional Services,4.56,0.21,-4.35,OVERPAYING,405,97848,317441417.04,783805.97
62,33,Healthcare/Physicians,Metal/Electronics Mfg,0.94,4.87,3.93,UNDERPAYING,40,106447,311995518.32,7799887.96
31,54,Manufacturing/Forging,Professional Services,6.31,0.21,-6.10,OVERPAYING,39,67977,309253204.26,7929569.34
23,52,Construction/Carpentry,Finance/Insurance,11.61,0.21,-11.40,OVERPAYING,36,35740,303865768.80,8440715.80
45,23,Retail/General Merch,Construction/Carpentry,2.74,11.61,8.87,UNDERPAYING,607,45243,299293574.78,493070.14
32,23,Plastics/Chemical Mfg,Construction/Carpentry,5.24,11.61,6.37,UNDERPAYING,95,60515,287491394.19,3026225.20
42,92,Wholesale Trade,Public Administration,4.56,0.36,-4.20,OVERPAYING,117,88250,276430770.00,2362656.15
32,62,Plastics/Chemical Mfg,Healthcare/Physicians,5.24,0.94,-4.30,OVERPAYING,65,82838,265656495.72,4087023.01
23,61,Construction/Carpentry,Education,11.61,0.64,-10.97,OVERPAYING,49,28112,229996247.71,4693800.97
62,56,Healthcare/Physicians,Admin/Waste Services,0.94,3.82,2.88,UNDERPAYING,349,104310,224047866.24,641970.96
44,92,Retail/Grocery,Public Administration,3.99,0.36,-3.63,OVERPAYING,249,78452,212389490.81,852969.84
56,92,Admin/Waste Services,Public Administration,3.82,0.36,-3.46,OVERPAYING,143,80339,207312218.65,1449735.79
42,62,Wholesale Trade,Healthcare/Physicians,4.56,0.94,-3.62,OVERPAYING,184,73798,199239545.21,1082823.62
33,53,Metal/Electronics Mfg,Real Estate,4.87,0.54,-4.33,OVERPAYING,24,60342,194863265.39,8119302.72
42,52,Wholesale Trade,Finance/Insurance,4.56,0.21,-4.35,OVERPAYING,82,56252,182494425.96,2225541.78
56,62,Admin/Waste Services,Healthcare/Physicians,3.82,0.94,-2.88,OVERPAYING,557,83081,178450012.22,320377.04
44,51,Retail/Grocery,Information/Tech,3.99,0.42,-3.57,OVERPAYING,243,66389,176761110.83,727411.98
72,62,Accommodation/Food,Healthcare/Physicians,2.47,0.94,-1.53,OVERPAYING,1316,152406,173906524.04,132147.81
42,51,Wholesale Trade,Information/Tech,4.56,0.42,-4.14,OVERPAYING,154,55037,169932901.64,1103460.40
72,51,Accommodation/Food,Information/Tech,2.47,0.42,-2.05,OVERPAYING,216,110436,168844496.04,781687.48
62,51,Healthcare/Physicians,Information/Tech,0.94,0.42,-0.52,OVERPAYING,271,427743,165885579.29,612123.91
23,33,Construction/Carpentry,Metal/Electronics Mfg,11.61,4.87,-6.74,OVERPAYING,278,32829,165021271.67,593601.70
49,56,Warehousing,Admin/Waste Services,7.18,3.82,-3.36,OVERPAYING,96,64676,162070812.29,1688237.63
42,61,Wholesale Trade,Education,4.56,0.64,-3.92,OVERPAYING,31,52647,153915399.79,4965012.90
33,56,Metal/Electronics Mfg,Admin/Waste Services,4.87,3.82,-1.05,OVERPAYING,218,191486,149950771.74,687847.58
53,56,Real Estate,Admin/Waste Services,0.54,3.82,3.28,UNDERPAYING,103,58994,144312538.66,1401092.61
48,61,Transportation/Trucking,Education,7.88,0.64,-7.24,OVERPAYING,67,26577,143504956.58,2141865.02
42,48,Wholesale Trade,Transportation/Trucking,4.56,7.88,3.32,UNDERPAYING,64,57859,143262124.10,2238470.69
33,52,Metal/Electronics Mfg,Finance/Insurance,4.87,0.21,-4.66,OVERPAYING,42,40503,140765260.28,3351553.82
23,62,Construction/Carpentry,Healthcare/Physicians,11.61,0.94,-10.67,OVERPAYING,84,17329,137898740.69,1641651.67
48,92,Transportation/Trucking,Public Administration,7.88,0.36,-7.52,OVERPAYING,143,23920,134153310.72,938135.04
48,56,Transportation/Trucking,Admin/Waste Services,7.88,3.82,-4.06,OVERPAYING,178,39535,119709924.18,672527.66
23,56,Construction/Carpentry,Admin/Waste Services,11.61,3.82,-7.79,OVERPAYING,125,19876,115475227.03,923801.82
72,54,Accommodation/Food,Professional Services,2.47,0.21,-2.26,OVERPAYING,501,65815,110931709.02,221420.58
31,72,Manufacturing/Forging,Accommodation/Food,6.31,2.47,-3.84,OVERPAYING,45,38476,110190339.07,2448674.20
49,54,Warehousing,Professional Services,7.18,0.21,-6.97,OVERPAYING,70,20250,105264076.50,1503772.52
49,52,Warehousing,Finance/Insurance,7.18,0.21,-6.97,OVERPAYING,141,19744,102633774.14,727899.11
71,51,Arts/Entertainment,Information/Tech,2.89,0.42,-2.47,OVERPAYING,33,55061,101429299.69,3073615.14
33,23,Metal/Electronics Mfg,Construction/Carpentry,4.87,11.61,6.74,UNDERPAYING,74,19953,100297585.48,1355372.78
72,52,Accommodation/Food,Finance/Insurance,2.47,0.21,-2.26,OVERPAYING,58,58832,99161806.66,1709686.32
92,48,Public Administration,Transportation/Trucking,0.36,7.88,7.52,UNDERPAYING,33,17653,99005367.65,3000162.66
54,56,Professional Services,Admin/Waste Services,0.21,3.82,3.61,UNDERPAYING,176,36543,98386107.53,559011.97
32,54,Plastics/Chemical Mfg,Professional Services,5.24,0.21,-5.03,OVERPAYING,145,26182,98218474.07,677368.79
48,62,Transportation/Trucking,Healthcare/Physicians,7.88,0.94,-6.94,OVERPAYING,162,18679,96679739.51,596788.52
32,51,Plastics/Chemical Mfg,Information/Tech,5.24,0.42,-4.82,OVERPAYING,112,25893,93079017.11,831062.65
33,62,Metal/Electronics Mfg,Healthcare/Physicians,4.87,0.94,-3.93,OVERPAYING,78,31609,92645789.35,1187766.53
33,61,Metal/Electronics Mfg,Education,4.87,0.64,-4.23,OVERPAYING,35,27983,88278921.52,2522254.90
56,53,Admin/Waste Services,Real Estate,3.82,0.54,-3.28,OVERPAYING,23,33392,81684311.81,3551491.82
56,51,Admin/Waste Services,Information/Tech,3.82,0.42,-3.40,OVERPAYING,59,30852,78232033.44,1325966.67
72,31,Accommodation/Food,Manufacturing/Forging,2.47,6.31,3.84,UNDERPAYING,43,26451,75752278.27,1761680.89
61,56,Education,Admin/Waste Services,0.64,3.82,3.18,UNDERPAYING,35,31301,74234828.84,2120995.11
44,45,Retail/Grocery,Retail/General Merch,3.99,2.74,-1.25,OVERPAYING,238,79420,74039295.00,311089.47
44,53,Retail/Grocery,Real Estate,3.99,0.54,-3.45,OVERPAYING,83,27738,71370151.38,859881.34
62,48,Healthcare/Physicians,Transportation/Trucking,0.94,7.88,6.94,UNDERPAYING,74,13635,70572742.02,953685.70
62,45,Healthcare/Physicians,Retail/General Merch,0.94,2.74,1.80,UNDERPAYING,11,51966,69761237.04,6341930.64
42,23,Wholesale Trade,Construction/Carpentry,4.56,11.61,7.05,UNDERPAYING,171,12951,68094933.39,398215.98
56,52,Admin/Waste Services,Finance/Insurance,3.82,0.21,-3.61,OVERPAYING,27,23964,64519187.83,2389599.55
31,62,Manufacturing/Forging,Healthcare/Physicians,6.31,0.94,-5.37,OVERPAYING,60,15852,63486403.99,1058106.73
42,56,Wholesale Trade,Admin/Waste Services,4.56,3.82,-0.74,OVERPAYING,370,113618,62704865.26,169472.61
33,81,Metal/Electronics Mfg,Other Services,4.87,1.73,-3.14,OVERPAYING,75,26287,61559212.04,820789.49
45,92,Retail/General Merch,Public Administration,2.74,0.36,-2.38,OVERPAYING,226,33289,59088108.16,261451.81
55,23,Management of Companies,Construction/Carpentry,0.21,11.61,11.40,UNDERPAYING,2,6871,58418066.52,29209033.26
49,92,Warehousing,Public Administration,7.18,0.36,-6.82,OVERPAYING,49,11225,57094346.10,1165190.74
61,62,Education,Healthcare/Physicians,0.64,0.94,0.30,UNDERPAYING,108,253818,56789239.32,525826.29
31,51,Manufacturing/Forging,Information/Tech,6.31,0.42,-5.89,OVERPAYING,69,12787,56170247.69,814061.56
32,92,Plastics/Chemical Mfg,Public Administration,5.24,0.36,-4.88,OVERPAYING,39,15403,56059280.11,1437417.44
56,54,Admin/Waste Services,Professional Services,3.82,0.21,-3.61,OVERPAYING,77,20803,56008707.41,727385.81
45,44,Retail/General Merch,Retail/Grocery,2.74,3.99,1.25,UNDERPAYING,807,58453,54492809.25,67525.17
49,44,Warehousing,Retail/Grocery,7.18,3.99,-3.19,OVERPAYING,63,22780,54195943.56,860253.07
54,33,Professional Services,Metal/Electronics Mfg,0.21,4.87,4.66,UNDERPAYING,61,15299,53170572.97,871648.74
23,22,Construction/Carpentry,Utilities,11.61,3.14,-8.47,OVERPAYING,45,8410,53125347.66,1180563.28
55,33,Management of Companies,Metal/Electronics Mfg,0.21,4.87,4.66,UNDERPAYING,6,15278,53097588.98,8849598.16
56,23,Admin/Waste Services,Construction/Carpentry,3.82,11.61,7.79,UNDERPAYING,20,8877,51573434.81,2578671.74
51,56,Information/Tech,Admin/Waste Services,0.42,3.82,3.40,UNDERPAYING,28,20082,50922329.04,1818654.61
33,44,Metal/Electronics Mfg,Retail/Grocery,4.87,3.99,-0.88,OVERPAYING,61,77357,50769708.53,832290.30
48,54,Transportation/Trucking,Professional Services,7.88,0.21,-7.67,OVERPAYING,48,8784,50246992.22,1046812.34
23,45,Construction/Carpentry,Retail/General Merch,11.61,2.74,-8.87,OVERPAYING,13,7253,47980379.24,3690798.40
45,56,Retail/General Merch,Admin/Waste Services,2.74,3.82,1.08,UNDERPAYING,1599,59198,47681857.87,29819.80
48,52,Transportation/Trucking,Finance/Insurance,7.88,0.21,-7.67,OVERPAYING,49,8301,47484094.09,969063.14
55,44,Management of Companies,Retail/Grocery,0.21,3.99,3.78,UNDERPAYING,5,16464,46414057.54,9282811.51
23,32,Construction/Carpentry,Plastics/Chemical Mfg,11.61,5.24,-6.37,OVERPAYING,41,9745,46296019.77,1129171.21
52,56,Finance/Insurance,Admin/Waste Services,0.21,3.82,3.61,UNDERPAYING,6,16483,44377807.25,7396301.21
61,23,Education,Construction/Carpentry,0.64,11.61,10.97,UNDERPAYING,14,5230,42788857.98,3056347.00
32,56,Plastics/Chemical Mfg,Admin/Waste Services,5.24,3.82,-1.42,OVERPAYING,136,39299,41619055.76,306022.47
42,81,Wholesale Trade,Other Services,4.56,1.73,-2.83,OVERPAYING,151,19432,41013451.25,271612.26
62,54,Healthcare/Physicians,Professional Services,0.94,0.21,-0.73,OVERPAYING,96,74552,40588643.57,422798.37
32,52,Plastics/Chemical Mfg,Finance/Insurance,5.24,0.21,-5.03,OVERPAYING,20,10635,39895862.49,1994793.12
11,51,Agriculture/Nurseries,Information/Tech,5.91,0.42,-5.49,OVERPAYING,32,9705,39736559.61,1241767.49
11,92,Agriculture/Nurseries,Public Administration,5.91,0.36,-5.55,OVERPAYING,36,9415,38970473.85,1082513.16
31,23,Manufacturing/Forging,Construction/Carpentry,6.31,11.61,5.30,UNDERPAYING,31,9662,38191373.88,1231979.80
44,62,Retail/Grocery,Healthcare/Physicians,3.99,0.94,-3.05,OVERPAYING,218,16750,38101057.50,174775.49
62,92,Healthcare/Physicians,Public Administration,0.94,0.36,-0.58,OVERPAYING,224,85748,37091497.87,165587.04
53,23,Real Estate,Construction/Carpentry,0.54,11.61,11.07,UNDERPAYING,37,4451,36747482.71,993175.21
44,54,Retail/Grocery,Professional Services,3.99,0.21,-3.78,OVERPAYING,89,12926,36439996.82,409438.17
33,48,Metal/Electronics Mfg,Transportation/Trucking,4.87,7.88,3.01,UNDERPAYING,33,16146,36245477.27,1098347.80
56,61,Admin/Waste Services,Education,3.82,0.64,-3.18,OVERPAYING,128,14953,35463192.73,277056.19
31,56,Manufacturing/Forging,Admin/Waste Services,6.31,3.82,-2.49,OVERPAYING,57,18727,34776825.53,610119.75
81,33,Other Services,Metal/Electronics Mfg,1.73,4.87,3.14,UNDERPAYING,100,14715,34459763.58,344597.64
54,32,Professional Services,Plastics/Chemical Mfg,0.21,5.24,5.03,UNDERPAYING,39,8975,33668581.65,863296.97
23,72,Construction/Carpentry,Accommodation/Food,11.61,2.47,-9.14,OVERPAYING,12,4926,33578630.71,2798219.23
92,23,Public Administration,Construction/Carpentry,0.36,11.61,11.25,UNDERPAYING,25,3860,32386365.00,1295454.60
49,33,Warehousing,Metal/Electronics Mfg,7.18,4.87,-2.31,OVERPAYING,46,18507,31883822.59,693126.58
55,56,Management of Companies,Admin/Waste Services,0.21,3.82,3.61,UNDERPAYING,10,11727,31573047.73,3157304.77
72,33,Accommodation/Food,Metal/Electronics Mfg,2.47,4.87,2.40,UNDERPAYING,32,17550,31413096.00,981659.25
56,48,Admin/Waste Services,Transportation/Trucking,3.82,7.88,4.06,UNDERPAYING,39,10295,31172724.66,799300.63
31,55,Manufacturing/Forging,Management of Companies,6.31,0.21,-6.10,OVERPAYING,10,6774,30817500.12,3081750.01
44,81,Retail/Grocery,Other Services,3.99,1.73,-2.26,OVERPAYING,193,17982,30308804.86,157040.44
21,51,Mining/Oil & Gas,Information/Tech,4.72,0.42,-4.30,OVERPAYING,23,8617,27634201.98,1201487.04
61,48,Education,Transportation/Trucking,0.64,7.88,7.24,UNDERPAYING,16,5086,27462324.91,1716395.31
31,92,Manufacturing/Forging,Public Administration,6.31,0.36,-5.95,OVERPAYING,28,6094,27042185.94,965792.35
62,52,Healthcare/Physicians,Finance/Insurance,0.94,0.21,-0.73,OVERPAYING,79,49476,26936416.58,340967.30
32,81,Plastics/Chemical Mfg,Other Services,5.24,1.73,-3.51,OVERPAYING,39,10223,26761340.03,686188.21
48,45,Transportation/Trucking,Retail/General Merch,7.88,2.74,-5.14,OVERPAYING,44,6958,26672880.70,606201.83
48,33,Transportation/Trucking,Metal/Electronics Mfg,7.88,4.87,-3.01,OVERPAYING,88,11732,26336674.06,299280.39
32,11,Plastics/Chemical Mfg,Agriculture/Nurseries,5.24,5.91,0.67,UNDERPAYING,18,51635,25801286.61,1433404.81
22,23,Utilities,Construction/Carpentry,3.14,11.61,8.47,UNDERPAYING,39,4073,25728839.60,659713.84
54,23,Professional Services,Construction/Carpentry,0.21,11.61,11.40,UNDERPAYING,13,2964,25200283.68,1938483.36
72,92,Accommodation/Food,Public Administration,2.47,0.36,-2.11,OVERPAYING,168,15969,25129425.22,149579.91
44,23,Retail/Grocery,Construction/Carpentry,3.99,11.61,7.62,UNDERPAYING,35,4327,24590323.69,702580.68
72,61,Accommodation/Food,Education,2.47,0.64,-1.83,OVERPAYING,241,17947,24494316.86,101636.17
21,92,Mining/Oil & Gas,Public Administration,4.72,0.36,-4.36,OVERPAYING,13,7531,24488462.33,1883727.87
49,53,Warehousing,Real Estate,7.18,0.54,-6.64,OVERPAYING,16,4860,24067264.32,1504204.02
23,21,Construction/Carpentry,Mining/Oil & Gas,11.61,4.72,-6.89,OVERPAYING,13,4631,23796680.62,1830513.89
31,52,Manufacturing/Forging,Finance/Insurance,6.31,0.21,-6.10,OVERPAYING,21,5197,23643127.86,1125863.23
81,23,Other Services,Construction/Carpentry,1.73,11.61,9.88,UNDERPAYING,31,3195,23542370.28,759431.30
32,61,Plastics/Chemical Mfg,Education,5.24,0.64,-4.60,OVERPAYING,12,6777,23249718.36,1937476.53
55,21,Management of Companies,Mining/Oil & Gas,0.21,4.72,4.51,UNDERPAYING,2,6857,23063917.21,11531958.60
23,48,Construction/Carpentry,Transportation/Trucking,11.61,7.88,-3.73,OVERPAYING,51,8264,22989076.18,450766.20
42,55,Wholesale Trade,Management of Companies,4.56,0.21,-4.35,OVERPAYING,49,6976,22631748.48,461872.42
48,44,Transportation/Trucking,Retail/Grocery,7.88,3.99,-3.89,OVERPAYING,52,7563,21941488.21,421951.70
33,22,Metal/Electronics Mfg,Utilities,4.87,3.14,-1.73,OVERPAYING,41,16275,20998558.35,512159.96
55,22,Management of Companies,Utilities,0.21,3.14,2.93,UNDERPAYING,6,9591,20958195.65,3493032.61
23,53,Construction/Carpentry,Real Estate,11.61,0.54,-11.07,OVERPAYING,16,2505,20681295.03,1292580.94
72,48,Accommodation/Food,Transportation/Trucking,2.47,7.88,5.41,UNDERPAYING,13,4886,19713925.31,1516455.79
53,62,Real Estate,Healthcare/Physicians,0.54,0.94,0.40,UNDERPAYING,190,65807,19631544.24,103323.92
49,45,Warehousing,Retail/General Merch,7.18,2.74,-4.44,OVERPAYING,27,5910,19570090.32,724818.16
45,54,Retail/General Merch,Professional Services,2.74,0.21,-2.53,OVERPAYING,58,10313,19459331.56,335505.72
61,54,Education,Professional Services,0.64,0.21,-0.43,OVERPAYING,14,60597,19433094.32,1388078.17
48,81,Transportation/Trucking,Other Services,7.88,1.73,-6.15,OVERPAYING,44,4216,19337400.72,439486.38
31,45,Manufacturing/Forging,Retail/General Merch,6.31,2.74,-3.57,OVERPAYING,9,7006,18653517.04,2072613.00
92,56,Public Administration,Admin/Waste Services,0.36,3.82,3.46,UNDERPAYING,34,7226,18646461.77,548425.35
81,56,Other Services,Admin/Waste Services,1.73,3.82,2.09,UNDERPAYING,95,11922,18583083.68,195611.41
51,23,Information/Tech,Construction/Carpentry,0.42,11.61,11.19,UNDERPAYING,16,2222,18543705.44,1158981.59
92,33,Public Administration,Metal/Electronics Mfg,0.36,4.87,4.51,UNDERPAYING,13,5231,17594771.90,1353443.99
32,48,Plastics/Chemical Mfg,Transportation/Trucking,5.24,7.88,2.64,UNDERPAYING,42,8848,17420933.38,414784.13
81,62,Other Services,Healthcare/Physicians,1.73,0.94,-0.79,OVERPAYING,119,28127,16571922.11,139259.85
48,21,Transportation/Trucking,Mining/Oil & Gas,7.88,4.72,-3.16,OVERPAYING,6,6895,16249639.56,2708273.26
31,44,Manufacturing/Forging,Retail/Grocery,6.31,3.99,-2.32,OVERPAYING,57,9332,16146748.99,283276.30
11,62,Agriculture/Nurseries,Healthcare/Physicians,5.91,0.94,-4.97,OVERPAYING,19,4335,16068223.71,845695.98
72,44,Accommodation/Food,Retail/Grocery,2.47,3.99,1.52,UNDERPAYING,79,14158,16049735.33,203161.21
72,56,Accommodation/Food,Admin/Waste Services,2.47,3.82,1.35,UNDERPAYING,86,15837,15945166.71,185408.92
54,62,Professional Services,Healthcare/Physicians,0.21,0.94,0.73,UNDERPAYING,54,28652,15599122.97,288872.65
62,81,Healthcare/Physicians,Other Services,0.94,1.73,0.79,UNDERPAYING,102,26130,15395325.66,150934.57
31,81,Manufacturing/Forging,Other Services,6.31,1.73,-4.58,OVERPAYING,21,4458,15227475.91,725117.90
42,53,Wholesale Trade,Real Estate,4.56,0.54,-4.02,OVERPAYING,42,5012,15026557.39,357775.18
56,81,Admin/Waste Services,Other Services,3.82,1.73,-2.09,OVERPAYING,107,9604,14969966.09,139906.23
22,51,Utilities,Information/Tech,3.14,0.42,-2.72,OVERPAYING,103,7372,14954662.27,145190.90
23,71,Construction/Carpentry,Arts/Entertainment,11.61,2.89,-8.72,OVERPAYING,9,2290,14892731.04,1654747.89
72,53,Accommodation/Food,Real Estate,2.47,0.54,-1.93,OVERPAYING,11,10003,14398258.18,1308932.56
44,52,Retail/Grocery,Finance/Insurance,3.99,0.21,-3.78,OVERPAYING,46,4928,13892643.07,302013.98
21,54,Mining/Oil & Gas,Professional Services,4.72,0.21,-4.51,OVERPAYING,7,4081,13726680.20,1960954.31
11,56,Agriculture/Nurseries,Admin/Waste Services,5.91,3.82,-2.09,OVERPAYING,30,8800,13716753.60,457225.12
55,32,Management of Companies,Plastics/Chemical Mfg,0.21,5.24,5.03,UNDERPAYING,3,3637,13643747.24,4547915.75
22,49,Utilities,Warehousing,3.14,7.18,4.04,UNDERPAYING,1,4346,13094637.07,13094637.07
55,42,Management of Companies,Wholesale Trade,0.21,4.56,4.35,UNDERPAYING,3,4008,13002873.84,4334291.28
62,44,Healthcare/Physicians,Retail/Grocery,0.94,3.99,3.05,UNDERPAYING,44,5678,12915689.82,293538.41
81,92,Other Services,Public Administration,1.73,0.36,-1.37,OVERPAYING,133,12490,12761607.54,95951.94
42,44,Wholesale Trade,Retail/Grocery,4.56,3.99,-0.57,OVERPAYING,164,29508,12544027.85,76487.97
33,71,Metal/Electronics Mfg,Arts/Entertainment,4.87,2.89,-1.98,OVERPAYING,21,8423,12438109.33,592290.92
42,22,Wholesale Trade,Utilities,4.56,3.14,-1.42,OVERPAYING,24,11690,12380130.84,515838.78
32,33,Plastics/Chemical Mfg,Metal/Electronics Mfg,5.24,4.87,-0.37,OVERPAYING,246,44363,12241792.40,49763.38
53,11,Real Estate,Agriculture/Nurseries,0.54,5.91,5.37,UNDERPAYING,9,3031,12138991.33,1348776.81
81,51,Other Services,Information/Tech,1.73,0.42,-1.31,OVERPAYING,59,12273,11990696.45,203232.14
22,92,Utilities,Public Administration,3.14,0.36,-2.78,OVERPAYING,41,5636,11685254.06,285006.20
22,61,Utilities,Education,3.14,0.64,-2.50,OVERPAYING,11,5903,11006143.50,1000558.50
44,32,Retail/Grocery,Plastics/Chemical Mfg,3.99,5.24,1.25,UNDERPAYING,57,11294,10528831.50,184716.34
44,31,Retail/Grocery,Manufacturing/Forging,3.99,6.31,2.32,UNDERPAYING,73,6073,10507844.69,143943.08
23,11,Construction/Carpentry,Agriculture/Nurseries,11.61,5.91,-5.70,OVERPAYING,7,2462,10466109.72,1495158.53
92,45,Public Administration,Retail/General Merch,0.36,2.74,2.38,UNDERPAYING,10,5893,10460098.57,1046009.86
51,33,Information/Tech,Metal/Electronics Mfg,0.42,4.87,4.45,UNDERPAYING,13,3127,10377918.87,798301.45
55,48,Management of Companies,Transportation/Trucking,0.21,7.88,7.67,UNDERPAYING,1,1766,10102025.08,10102025.08
71,62,Arts/Entertainment,Healthcare/Physicians,2.89,0.94,-1.95,OVERPAYING,22,6888,10017287.28,455331.24
11,54,Agriculture/Nurseries,Professional Services,5.91,0.21,-5.70,OVERPAYING,12,2350,9989991.00,832499.25
56,33,Admin/Waste Services,Metal/Electronics Mfg,3.82,4.87,1.05,UNDERPAYING,48,12740,9976566.60,207845.14
71,81,Arts/Entertainment,Other Services,2.89,1.73,-1.16,OVERPAYING,15,11526,9971465.33,664764.36
44,56,Retail/Grocery,Admin/Waste Services,3.99,3.82,-0.17,OVERPAYING,212,78535,9957138.51,46967.63
62,11,Healthcare/Physicians,Agriculture/Nurseries,0.94,5.91,4.97,UNDERPAYING,31,2681,9937464.31,320563.36
81,48,Other Services,Transportation/Trucking,1.73,7.88,6.15,UNDERPAYING,12,2160,9907207.20,825600.60
62,23,Healthcare/Physicians,Construction/Carpentry,0.94,11.61,10.67,UNDERPAYING,30,1241,9875488.33,329182.94
51,32,Information/Tech,Plastics/Chemical Mfg,0.42,5.24,4.82,UNDERPAYING,4,2735,9831657.66,2457914.42
32,55,Plastics/Chemical Mfg,Management of Companies,5.24,0.21,-5.03,OVERPAYING,6,2620,9828599.88,1638099.98
62,32,Healthcare/Physicians,Plastics/Chemical Mfg,0.94,5.24,4.30,UNDERPAYING,18,3064,9826064.16,545892.45
92,44,Public Administration,Retail/Grocery,0.36,3.99,3.63,UNDERPAYING,12,3616,9789430.46,815785.87
55,62,Management of Companies,Healthcare/Physicians,0.21,0.94,0.73,UNDERPAYING,8,17739,9657714.73,1207214.34
32,44,Plastics/Chemical Mfg,Retail/Grocery,5.24,3.99,-1.25,OVERPAYING,49,10348,9646923.00,196875.98
81,52,Other Services,Finance/Insurance,1.73,0.21,-1.52,OVERPAYING,102,8497,9632335.15,94434.66
51,81,Information/Tech,Other Services,0.42,1.73,1.31,UNDERPAYING,22,9700,9476880.60,430767.30
22,11,Utilities,Agriculture/Nurseries,3.14,5.91,2.77,UNDERPAYING,14,4514,9325319.12,666094.22
49,71,Warehousing,Arts/Entertainment,7.18,2.89,-4.29,OVERPAYING,6,2907,9300894.17,1550149.03
49,23,Warehousing,Construction/Carpentry,7.18,11.61,4.43,UNDERPAYING,39,2742,9059277.35,232289.16
42,33,Wholesale Trade,Metal/Electronics Mfg,4.56,4.87,0.31,UNDERPAYING,346,38748,8958460.10,25891.50
53,48,Real Estate,Transportation/Trucking,0.54,7.88,7.34,UNDERPAYING,7,1635,8950271.22,1278610.17
81,11,Other Services,Agriculture/Nurseries,1.73,5.91,4.18,UNDERPAYING,10,2786,8685198.98,868519.90
92,62,Public Administration,Healthcare/Physicians,0.36,0.94,0.58,UNDERPAYING,58,19870,8595046.68,148190.46
45,33,Retail/General Merch,Metal/Electronics Mfg,2.74,4.87,2.13,UNDERPAYING,78,5394,8568660.28,109854.62
71,56,Arts/Entertainment,Admin/Waste Services,2.89,3.82,0.93,UNDERPAYING,26,12276,8514559.94,327483.07
54,42,Professional Services,Wholesale Trade,0.21,4.56,4.35,UNDERPAYING,6,2606,8454463.38,1409077.23
22,48,Utilities,Transportation/Trucking,3.14,7.88,4.74,UNDERPAYING,13,2383,8424124.24,648009.56
11,22,Agriculture/Nurseries,Utilities,5.91,3.14,-2.77,OVERPAYING,7,3884,8023823.54,1146260.51
44,33,Retail/Grocery,Metal/Electronics Mfg,3.99,4.87,0.88,UNDERPAYING,185,12035,7898618.64,42695.24
71,54,Arts/Entertainment,Professional Services,2.89,0.21,-2.68,OVERPAYING,32,3926,7847068.94,245220.90
92,81,Public Administration,Other Services,0.36,1.73,1.37,UNDERPAYING,22,7535,7698856.11,349948.01
71,23,Arts/Entertainment,Construction/Carpentry,2.89,11.61,8.72,UNDERPAYING,10,1178,7660976.93,766097.69
49,55,Warehousing,Management of Companies,7.18,0.21,-6.97,OVERPAYING,5,1456,7568617.06,1513723.41
33,45,Metal/Electronics Mfg,Retail/General Merch,4.87,2.74,-2.13,OVERPAYING,13,4727,7509094.76,577622.67
48,32,Transportation/Trucking,Plastics/Chemical Mfg,7.88,5.24,-2.64,OVERPAYING,29,3733,7349948.50,253446.50
49,72,Warehousing,Accommodation/Food,7.18,2.47,-4.71,OVERPAYING,3,2076,7292402.57,2430800.86
71,48,Arts/Entertainment,Transportation/Trucking,2.89,7.88,4.99,UNDERPAYING,4,1943,7230956.11,1807739.03
56,49,Admin/Waste Services,Warehousing,3.82,7.18,3.36,UNDERPAYING,6,2879,7214451.55,1202408.59
49,81,Warehousing,Other Services,7.18,1.73,-5.45,OVERPAYING,22,1726,7015516.86,318887.13
54,44,Professional Services,Retail/Grocery,0.21,3.99,3.78,UNDERPAYING,13,2484,7002704.02,538669.54
81,53,Other Services,Real Estate,1.73,0.54,-1.19,OVERPAYING,39,7885,6997953.27,179434.70
44,48,Retail/Grocery,Transportation/Trucking,3.99,7.88,3.89,UNDERPAYING,25,2412,6997602.74,279904.11
61,11,Education,Agriculture/Nurseries,0.64,5.91,5.27,UNDERPAYING,2,1758,6909583.43,3454791.71
31,61,Manufacturing/Forging,Education,6.31,0.64,-5.67,OVERPAYING,5,1616,6833556.58,1366711.32
21,23,Mining/Oil & Gas,Construction/Carpentry,4.72,11.61,6.89,UNDERPAYING,6,1288,6618467.86,1103077.98
42,31,Wholesale Trade,Manufacturing/Forging,4.56,6.31,1.75,UNDERPAYING,28,5069,6615805.35,236278.76
48,23,Transportation/Trucking,Construction/Carpentry,7.88,11.61,3.73,UNDERPAYING,39,2362,6570691.91,168479.28
11,52,Agriculture/Nurseries,Finance/Insurance,5.91,0.21,-5.70,OVERPAYING,6,1540,6546632.40,1091105.40
49,61,Warehousing,Education,7.18,0.64,-6.54,OVERPAYING,9,1342,6545647.94,727294.22
22,81,Utilities,Other Services,3.14,1.73,-1.41,OVERPAYING,30,6158,6475617.32,215853.91
54,11,Professional Services,Agriculture/Nurseries,0.21,5.91,5.70,UNDERPAYING,9,1514,6436104.84,715122.76
92,51,Public Administration,Information/Tech,0.36,0.42,0.06,UNDERPAYING,112,141829,6346564.09,56665.75
31,33,Manufacturing/Forging,Metal/Electronics Mfg,6.31,4.87,-1.44,OVERPAYING,35,5810,6239661.12,178276.03
42,11,Wholesale Trade,Agriculture/Nurseries,4.56,5.91,1.35,UNDERPAYING,63,6182,6224223.06,98797.19
71,92,Arts/Entertainment,Public Administration,2.89,0.36,-2.53,OVERPAYING,21,3288,6204041.71,295430.56
62,61,Healthcare/Physicians,Education,0.94,0.64,-0.30,OVERPAYING,88,27719,6201849.06,70475.56
53,72,Real Estate,Accommodation/Food,0.54,2.47,1.93,UNDERPAYING,9,4289,6173560.87,685951.21
72,32,Accommodation/Food,Plastics/Chemical Mfg,2.47,5.24,2.77,UNDERPAYING,30,2982,6160412.41,205347.08
51,44,Information/Tech,Retail/Grocery,0.42,3.99,3.57,UNDERPAYING,6,2281,6073176.19,1012196.03
33,32,Metal/Electronics Mfg,Plastics/Chemical Mfg,4.87,5.24,0.37,UNDERPAYING,89,21932,6052047.67,68000.54
54,51,Professional Services,Information/Tech,0.21,0.42,0.21,UNDERPAYING,80,38207,5983903.93,74798.80
33,11,Metal/Electronics Mfg,Agriculture/Nurseries,4.87,5.91,1.04,UNDERPAYING,15,7683,5959180.66,397278.71
61,51,Education,Information/Tech,0.64,0.42,-0.22,OVERPAYING,13,36130,5928065.88,456005.07
61,31,Education,Manufacturing/Forging,0.64,6.31,5.67,UNDERPAYING,2,1375,5814443.25,2907221.62
22,62,Utilities,Healthcare/Physicians,3.14,0.94,-2.20,OVERPAYING,31,3514,5765630.64,185988.09
48,22,Transportation/Trucking,Utilities,7.88,3.14,-4.74,OVERPAYING,9,1609,5687963.03,631995.89
71,11,Arts/Entertainment,Agriculture/Nurseries,2.89,5.91,3.02,UNDERPAYING,4,2517,5669079.37,1417269.84
45,61,Retail/General Merch,Education,2.74,0.64,-2.10,OVERPAYING,44,3612,5657042.16,128569.14
49,22,Warehousing,Utilities,7.18,3.14,-4.04,OVERPAYING,8,1876,5652448.03,706556.00
32,45,Plastics/Chemical Mfg,Retail/General Merch,5.24,2.74,-2.50,OVERPAYING,30,3012,5615874.00,187195.80
22,54,Utilities,Professional Services,3.14,0.21,-2.93,OVERPAYING,14,2563,5600652.22,400046.59
92,72,Public Administration,Accommodation/Food,0.36,2.47,2.11,UNDERPAYING,11,3475,5468392.05,497126.55
11,44,Agriculture/Nurseries,Retail/Grocery,5.91,3.99,-1.92,OVERPAYING,12,3736,5349712.90,445809.41
11,61,Agriculture/Nurseries,Education,5.91,0.64,-5.27,OVERPAYING,3,1351,5309924.47,1769974.82
51,72,Information/Tech,Accommodation/Food,0.42,2.47,2.05,UNDERPAYING,8,3467,5300661.63,662582.70
42,32,Wholesale Trade,Plastics/Chemical Mfg,4.56,5.24,0.68,UNDERPAYING,84,10025,5084118.60,60525.22
45,48,Retail/General Merch,Transportation/Trucking,2.74,7.88,5.14,UNDERPAYING,25,1272,4876100.06,195044.00
21,56,Mining/Oil & Gas,Admin/Waste Services,4.72,3.82,-0.90,OVERPAYING,14,7157,4803921.54,343137.25
54,61,Professional Services,Education,0.21,0.64,0.43,UNDERPAYING,21,14939,4790847.67,228135.60
49,48,Warehousing,Transportation/Trucking,7.18,7.88,0.70,UNDERPAYING,63,8759,4572723.54,72582.91
62,71,Healthcare/Physicians,Arts/Entertainment,0.94,2.89,1.95,UNDERPAYING,12,3141,4567987.71,380665.64
61,21,Education,Mining/Oil & Gas,0.64,4.72,4.08,UNDERPAYING,1,1471,4476052.94,4476052.94
53,33,Real Estate,Metal/Electronics Mfg,0.54,4.87,4.33,UNDERPAYING,18,1362,4398325.67,244351.43
54,81,Professional Services,Other Services,0.21,1.73,1.52,UNDERPAYING,18,3848,4362154.37,242341.91
54,45,Professional Services,Retail/General Merch,0.21,2.74,2.53,UNDERPAYING,6,2235,4217163.39,702860.57
54,21,Professional Services,Mining/Oil & Gas,0.21,4.72,4.51,UNDERPAYING,7,1245,4187629.71,598232.82
49,42,Warehousing,Wholesale Trade,7.18,4.56,-2.62,OVERPAYING,11,2108,4119023.57,374456.69
45,31,Retail/General Merch,Manufacturing/Forging,2.74,6.31,3.57,UNDERPAYING,5,1529,4070971.67,814194.33
62,72,Healthcare/Physicians,Accommodation/Food,0.94,2.47,1.53,UNDERPAYING,15,3525,4022285.85,268152.39
81,54,Other Services,Professional Services,1.73,0.21,-1.52,OVERPAYING,29,3517,3986927.47,137480.26
42,45,Wholesale Trade,Retail/General Merch,4.56,2.74,-1.82,OVERPAYING,24,2871,3896969.08,162373.71
45,52,Retail/General Merch,Finance/Insurance,2.74,0.21,-2.53,OVERPAYING,11,2054,3875639.20,352330.84
48,53,Transportation/Trucking,Real Estate,7.88,0.54,-7.34,OVERPAYING,6,697,3815497.88,635916.31
22,56,Utilities,Admin/Waste Services,3.14,3.82,0.68,UNDERPAYING,53,7467,3786844.25,71449.89
44,55,Retail/Grocery,Management of Companies,3.99,0.21,-3.78,OVERPAYING,13,1337,3769168.79,289936.06
31,32,Manufacturing/Forging,Plastics/Chemical Mfg,6.31,5.24,-1.07,OVERPAYING,13,4676,3731476.06,287036.62
54,22,Professional Services,Utilities,0.21,3.14,2.93,UNDERPAYING,7,1705,3725755.77,532250.82
31,53,Manufacturing/Forging,Real Estate,6.31,0.54,-5.77,OVERPAYING,3,855,3679292.43,1226430.81
23,31,Construction/Carpentry,Manufacturing/Forging,11.61,6.31,-5.30,OVERPAYING,9,926,3660237.24,406693.03
56,72,Admin/Waste Services,Accommodation/Food,3.82,2.47,-1.35,OVERPAYING,17,3483,3506788.89,206281.70
62,31,Healthcare/Physicians,Manufacturing/Forging,0.94,6.31,5.37,UNDERPAYING,4,871,3488307.97,872076.99
55,51,Management of Companies,Information/Tech,0.21,0.42,0.21,UNDERPAYING,13,22204,3477546.07,267503.54
92,31,Public Administration,Manufacturing/Forging,0.36,6.31,5.95,UNDERPAYING,2,767,3403570.17,1701785.08
44,49,Retail/Grocery,Warehousing,3.99,7.18,3.19,UNDERPAYING,7,1412,3359292.02,479898.86
71,33,Arts/Entertainment,Metal/Electronics Mfg,2.89,4.87,1.98,UNDERPAYING,18,2253,3326969.05,184831.61
51,48,Information/Tech,Transportation/Trucking,0.42,7.88,7.46,UNDERPAYING,5,597,3321509.80,664301.96
21,81,Mining/Oil & Gas,Other Services,4.72,1.73,-2.99,OVERPAYING,5,1479,3298084.22,659616.84
11,23,Agriculture/Nurseries,Construction/Carpentry,5.91,11.61,5.70,UNDERPAYING,5,767,3260563.02,652112.60
45,42,Retail/General Merch,Wholesale Trade,2.74,4.56,1.82,UNDERPAYING,16,2336,3170783.62,198173.98
31,48,Manufacturing/Forging,Transportation/Trucking,6.31,7.88,1.57,UNDERPAYING,20,2696,3156762.58,157838.13
23,49,Construction/Carpentry,Warehousing,11.61,7.18,-4.43,OVERPAYING,2,942,3112268.15,1556134.07
48,11,Transportation/Trucking,Agriculture/Nurseries,7.88,5.91,-1.97,OVERPAYING,17,2068,3038359.37,178727.02
53,44,Real Estate,Retail/Grocery,0.54,3.99,3.45,UNDERPAYING,20,1172,3015567.72,150778.39
72,11,Accommodation/Food,Agriculture/Nurseries,2.47,5.91,3.44,UNDERPAYING,6,1166,2991433.63,498572.27
55,61,Management of Companies,Education,0.21,0.64,0.43,UNDERPAYING,4,9132,2928577.61,732144.40
31,11,Manufacturing/Forging,Agriculture/Nurseries,6.31,5.91,-0.40,OVERPAYING,52,9590,2860888.80,55017.09
51,45,Information/Tech,Retail/General Merch,0.42,2.74,2.32,UNDERPAYING,4,1638,2834159.33,708539.83
48,72,Transportation/Trucking,Accommodation/Food,7.88,2.47,-5.41,OVERPAYING,7,693,2796101.15,399443.02
33,31,Metal/Electronics Mfg,Manufacturing/Forging,4.87,6.31,1.44,UNDERPAYING,10,2574,2764352.45,276435.24
52,48,Finance/Insurance,Transportation/Trucking,0.21,7.88,7.67,UNDERPAYING,3,478,2734296.71,911432.24
22,53,Utilities,Real Estate,3.14,0.54,-2.60,OVERPAYING,7,1395,2705016.60,386430.94
21,48,Mining/Oil & Gas,Transportation/Trucking,4.72,7.88,3.16,UNDERPAYING,13,1130,2663102.64,204854.05
32,22,Plastics/Chemical Mfg,Utilities,5.24,3.14,-2.10,OVERPAYING,14,1689,2645278.02,188948.43
81,32,Other Services,Plastics/Chemical Mfg,1.73,5.24,3.51,UNDERPAYING,5,990,2591580.42,518316.08
62,22,Healthcare/Physicians,Utilities,0.94,3.14,2.20,UNDERPAYING,1,1576,2585837.76,2585837.76
72,21,Accommodation/Food,Mining/Oil & Gas,2.47,4.72,2.25,UNDERPAYING,2,1520,2550636.00,1275318.00
53,81,Real Estate,Other Services,0.54,1.73,1.19,UNDERPAYING,12,2862,2540030.72,211669.23
45,32,Retail/General Merch,Plastics/Chemical Mfg,2.74,5.24,2.50,UNDERPAYING,11,1281,2388424.50,217129.50
22,31,Utilities,Manufacturing/Forging,3.14,6.31,3.17,UNDERPAYING,9,1006,2378371.12,264263.46
11,81,Agriculture/Nurseries,Other Services,5.91,1.73,-4.18,OVERPAYING,12,761,2372374.88,197697.91
45,81,Retail/General Merch,Other Services,2.74,1.73,-1.01,OVERPAYING,35,3115,2346398.67,67039.96
42,49,Wholesale Trade,Warehousing,4.56,7.18,2.62,UNDERPAYING,18,1174,2293991.30,127443.96
45,49,Retail/General Merch,Warehousing,2.74,7.18,4.44,UNDERPAYING,8,692,2291455.58,286431.95
32,31,Plastics/Chemical Mfg,Manufacturing/Forging,5.24,6.31,1.07,UNDERPAYING,17,2864,2285489.18,134440.54
53,42,Real Estate,Wholesale Trade,0.54,4.56,4.02,UNDERPAYING,3,755,2263577.58,754525.86
54,92,Professional Services,Public Administration,0.21,0.36,0.15,UNDERPAYING,96,20228,2262906.36,23571.94
72,81,Accommodation/Food,Other Services,2.47,1.73,-0.74,OVERPAYING,26,4097,2261101.52,86965.44
32,72,Plastics/Chemical Mfg,Accommodation/Food,5.24,2.47,-2.77,OVERPAYING,8,1063,2196015.56,274501.94
55,45,Management of Companies,Retail/General Merch,0.21,2.74,2.53,UNDERPAYING,1,1159,2186886.97,2186886.97
72,71,Accommodation/Food,Arts/Entertainment,2.47,2.89,0.42,UNDERPAYING,16,6903,2162268.11,135141.76
53,32,Real Estate,Plastics/Chemical Mfg,0.54,5.24,4.70,UNDERPAYING,5,604,2117177.04,423435.41
33,49,Metal/Electronics Mfg,Warehousing,4.87,7.18,2.31,UNDERPAYING,10,1221,2103536.36,210353.64
51,54,Information/Tech,Professional Services,0.42,0.21,-0.21,OVERPAYING,11,13424,2102440.03,191130.91
23,42,Construction/Carpentry,Wholesale Trade,11.61,4.56,-7.05,OVERPAYING,5,399,2097898.11,419579.62
53,71,Real Estate,Arts/Entertainment,0.54,2.89,2.35,UNDERPAYING,16,1195,2094392.85,130899.55
31,42,Manufacturing/Forging,Wholesale Trade,6.31,4.56,-1.75,OVERPAYING,11,1604,2093460.60,190314.60
22,21,Utilities,Mining/Oil & Gas,3.14,4.72,1.58,UNDERPAYING,6,1747,2058601.91,343100.32
92,42,Public Administration,Wholesale Trade,0.36,4.56,4.20,UNDERPAYING,2,655,2051695.80,1025847.90
32,42,Plastics/Chemical Mfg,Wholesale Trade,5.24,4.56,-0.68,OVERPAYING,9,3908,1981918.75,220213.19
49,32,Warehousing,Plastics/Chemical Mfg,7.18,5.24,-1.94,OVERPAYING,14,1358,1964825.02,140344.64
11,33,Agriculture/Nurseries,Metal/Electronics Mfg,5.91,4.87,-1.04,OVERPAYING,18,2532,1963900.22,109105.57
31,49,Manufacturing/Forging,Warehousing,6.31,7.18,0.87,UNDERPAYING,9,3001,1947186.85,216354.09
48,49,Transportation/Trucking,Warehousing,7.88,7.18,-0.70,OVERPAYING,22,3645,1902908.70,86495.85
72,23,Accommodation/Food,Construction/Carpentry,2.47,11.61,9.14,UNDERPAYING,2,278,1895018.14,947509.07
71,53,Arts/Entertainment,Real Estate,2.89,0.54,-2.35,OVERPAYING,7,1074,1882324.62,268903.52
56,32,Admin/Waste Services,Plastics/Chemical Mfg,3.82,5.24,1.42,UNDERPAYING,16,1753,1856490.11,116030.63
56,44,Admin/Waste Services,Retail/Grocery,3.82,3.99,0.17,UNDERPAYING,96,14250,1806700.50,18819.80
11,48,Agriculture/Nurseries,Transportation/Trucking,5.91,7.88,1.97,UNDERPAYING,10,1226,1801271.08,180127.11
55,53,Management of Companies,Real Estate,0.21,0.54,0.33,UNDERPAYING,3,7139,1757007.85,585669.28
53,52,Real Estate,Finance/Insurance,0.54,0.21,-0.33,OVERPAYING,59,6922,1703601.11,28874.60
81,61,Other Services,Education,1.73,0.64,-1.09,OVERPAYING,5,2002,1627469.84,325493.97
32,53,Plastics/Chemical Mfg,Real Estate,5.24,0.54,-4.70,OVERPAYING,8,460,1612419.60,201552.45
92,54,Public Administration,Professional Services,0.36,0.21,-0.15,OVERPAYING,21,14364,1606900.68,76519.08
61,92,Education,Public Administration,0.64,0.36,-0.28,OVERPAYING,18,7682,1604185.97,89121.44
56,31,Admin/Waste Services,Manufacturing/Forging,3.82,6.31,2.49,UNDERPAYING,3,856,1589627.95,529875.98
45,53,Retail/General Merch,Real Estate,2.74,0.54,-2.20,OVERPAYING,25,968,1588255.68,63530.23
22,32,Utilities,Plastics/Chemical Mfg,3.14,5.24,2.10,UNDERPAYING,1,996,1559915.28,1559915.28
45,55,Retail/General Merch,Management of Companies,2.74,0.21,-2.53,OVERPAYING,2,815,1537802.31,768901.16
81,22,Other Services,Utilities,1.73,3.14,1.41,UNDERPAYING,10,1425,1498498.65,149849.87
22,33,Utilities,Metal/Electronics Mfg,3.14,4.87,1.73,UNDERPAYING,13,1160,1496671.44,115128.57
55,81,Management of Companies,Other Services,0.21,1.73,1.52,UNDERPAYING,1,1313,1488437.81,1488437.81
81,49,Other Services,Warehousing,1.73,7.18,5.45,UNDERPAYING,13,366,1487647.26,114434.40
54,71,Professional Services,Arts/Entertainment,0.21,2.89,2.68,UNDERPAYING,3,736,1471075.58,490358.53
53,31,Real Estate,Manufacturing/Forging,0.54,6.31,5.77,UNDERPAYING,2,326,1402864.72,701432.36
81,31,Other Services,Manufacturing/Forging,1.73,6.31,4.58,UNDERPAYING,7,408,1393631.71,199090.24
52,51,Finance/Insurance,Information/Tech,0.21,0.42,0.21,UNDERPAYING,9,8649,1354589.08,150509.90
56,11,Admin/Waste Services,Agriculture/Nurseries,3.82,5.91,2.09,UNDERPAYING,7,863,1345177.09,192168.16
71,52,Arts/Entertainment,Finance/Insurance,2.89,0.21,-2.68,OVERPAYING,2,665,1329164.76,664582.38
49,21,Warehousing,Mining/Oil & Gas,7.18,4.72,-2.46,OVERPAYING,6,724,1328299.63,221383.27
44,72,Retail/Grocery,Accommodation/Food,3.99,2.47,-1.52,OVERPAYING,12,1132,1283253.31,106937.78
92,21,Public Administration,Mining/Oil & Gas,0.36,4.72,4.36,UNDERPAYING,2,394,1281165.07,640582.54
71,61,Arts/Entertainment,Education,2.89,0.64,-2.25,OVERPAYING,11,752,1261893.60,114717.60
42,72,Wholesale Trade,Accommodation/Food,4.56,2.47,-2.09,OVERPAYING,4,795,1239183.99,309796.00
49,31,Warehousing,Manufacturing/Forging,7.18,6.31,-0.87,OVERPAYING,17,1887,1224372.40,72021.91
61,33,Education,Metal/Electronics Mfg,0.64,4.87,4.23,UNDERPAYING,1,388,1224036.79,1224036.79
54,31,Professional Services,Manufacturing/Forging,0.21,6.31,6.10,UNDERPAYING,5,260,1182838.80,236567.76
49,11,Warehousing,Agriculture/Nurseries,7.18,5.91,-1.27,OVERPAYING,6,1224,1159331.18,193221.86
22,42,Utilities,Wholesale Trade,3.14,4.56,1.42,UNDERPAYING,2,1065,1127873.34,563936.67
62,42,Healthcare/Physicians,Wholesale Trade,0.94,4.56,3.62,UNDERPAYING,6,415,1120415.34,186735.89
44,71,Retail/Grocery,Arts/Entertainment,3.99,2.89,-1.10,OVERPAYING,10,1333,1093566.54,109356.65
51,62,Information/Tech,Healthcare/Physicians,0.42,0.94,0.52,UNDERPAYING,11,2811,1090150.78,99104.62
71,44,Arts/Entertainment,Retail/Grocery,2.89,3.99,1.10,UNDERPAYING,3,1309,1073877.42,357959.14
21,44,Mining/Oil & Gas,Retail/Grocery,4.72,3.99,-0.73,OVERPAYING,8,1949,1061101.87,132637.73
71,31,Arts/Entertainment,Manufacturing/Forging,2.89,6.31,3.42,UNDERPAYING,2,416,1061064.58,530532.29
44,11,Retail/Grocery,Agriculture/Nurseries,3.99,5.91,1.92,UNDERPAYING,8,733,1049609.09,131201.14
44,42,Retail/Grocery,Wholesale Trade,3.99,4.56,0.57,UNDERPAYING,20,2296,976043.38,48802.17
53,22,Real Estate,Utilities,0.54,3.14,2.60,UNDERPAYING,2,497,963722.76,481861.38
11,32,Agriculture/Nurseries,Plastics/Chemical Mfg,5.91,5.24,-0.67,OVERPAYING,4,1848,923419.73,230854.93
62,53,Healthcare/Physicians,Real Estate,0.94,0.54,-0.40,OVERPAYING,23,3069,915544.08,39806.26
32,21,Plastics/Chemical Mfg,Mining/Oil & Gas,5.24,4.72,-0.52,OVERPAYING,26,2234,866380.94,33322.34
42,71,Wholesale Trade,Arts/Entertainment,4.56,2.89,-1.67,OVERPAYING,13,695,865612.77,66585.60
54,72,Professional Services,Accommodation/Food,0.21,2.47,2.26,UNDERPAYING,3,508,856238.06,285412.69
81,44,Other Services,Retail/Grocery,1.73,3.99,2.26,UNDERPAYING,11,491,827584.43,75234.95
21,52,Mining/Oil & Gas,Finance/Insurance,4.72,0.21,-4.51,OVERPAYING,4,246,827435.27,206858.82
33,21,Metal/Electronics Mfg,Mining/Oil & Gas,4.87,4.72,-0.15,OVERPAYING,28,7376,825153.12,29469.75
53,54,Real Estate,Professional Services,0.54,0.21,-0.33,OVERPAYING,38,3333,820297.96,21586.79
72,22,Accommodation/Food,Utilities,2.47,3.14,0.67,UNDERPAYING,3,1633,815987.24,271995.75
81,42,Other Services,Wholesale Trade,1.73,4.56,2.83,UNDERPAYING,6,376,793590.86,132265.14
53,92,Real Estate,Public Administration,0.54,0.36,-0.18,OVERPAYING,46,5753,772305.73,16789.26
81,21,Other Services,Mining/Oil & Gas,1.73,4.72,2.99,UNDERPAYING,5,345,769329.99,153866.00
45,22,Retail/General Merch,Utilities,2.74,3.14,0.40,UNDERPAYING,35,2535,756241.20,21606.89
72,42,Accommodation/Food,Wholesale Trade,2.47,4.56,2.09,UNDERPAYING,5,484,754421.45,150884.29
61,44,Education,Retail/Grocery,0.64,3.99,3.35,UNDERPAYING,4,298,744532.14,186133.04
33,72,Metal/Electronics Mfg,Accommodation/Food,4.87,2.47,-2.40,OVERPAYING,4,410,733867.20,183466.80
92,11,Public Administration,Agriculture/Nurseries,0.36,5.91,5.55,UNDERPAYING,3,176,728497.44,242832.48
23,55,Construction/Carpentry,Management of Companies,11.61,0.21,-11.40,OVERPAYING,1,85,722680.20,722680.20
48,71,Transportation/Trucking,Arts/Entertainment,7.88,2.89,-4.99,OVERPAYING,6,189,703371.44,117228.57
92,71,Public Administration,Arts/Entertainment,0.36,2.89,2.53,UNDERPAYING,6,369,696256.51,116042.75
44,61,Retail/Grocery,Education,3.99,0.64,-3.35,OVERPAYING,7,273,682071.39,97438.77
11,71,Agriculture/Nurseries,Arts/Entertainment,5.91,2.89,-3.02,OVERPAYING,2,301,677947.12,338973.56
55,92,Management of Companies,Public Administration,0.21,0.36,0.15,UNDERPAYING,2,5634,630275.58,315137.79
72,45,Accommodation/Food,Retail/General Merch,2.47,2.74,0.27,UNDERPAYING,7,3124,629067.38,89866.77
33,42,Metal/Electronics Mfg,Wholesale Trade,4.87,4.56,-0.31,OVERPAYING,22,2662,615449.08,27974.96
92,53,Public Administration,Real Estate,0.36,0.54,0.18,UNDERPAYING,17,4530,608125.32,35772.08
51,52,Information/Tech,Finance/Insurance,0.42,0.21,-0.21,OVERPAYING,28,3879,607521.22,21697.19
32,49,Plastics/Chemical Mfg,Warehousing,5.24,7.18,1.94,UNDERPAYING,10,418,604784.14,60478.41
21,62,Mining/Oil & Gas,Healthcare/Physicians,4.72,0.94,-3.78,OVERPAYING,4,210,592016.04,148004.01
52,23,Finance/Insurance,Construction/Carpentry,0.21,11.61,11.40,UNDERPAYING,1,68,578144.16,578144.16
11,72,Agriculture/Nurseries,Accommodation/Food,5.91,2.47,-3.44,OVERPAYING,2,222,569552.54,284776.27
31,71,Manufacturing/Forging,Arts/Entertainment,6.31,2.89,-3.42,OVERPAYING,3,221,563690.56,187896.85
53,51,Real Estate,Information/Tech,0.54,0.42,-0.12,OVERPAYING,62,6190,553980.24,8935.17
54,53,Professional Services,Real Estate,0.21,0.54,0.33,UNDERPAYING,4,2220,546373.08,136593.27
52,62,Finance/Insurance,Healthcare/Physicians,0.21,0.94,0.73,UNDERPAYING,4,999,543889.57,135972.39
81,71,Other Services,Arts/Entertainment,1.73,2.89,1.16,UNDERPAYING,6,622,538109.62,89684.94
61,52,Education,Finance/Insurance,0.64,0.21,-0.43,OVERPAYING,16,1571,503810.27,31488.14
71,72,Arts/Entertainment,Accommodation/Food,2.89,2.47,-0.42,OVERPAYING,4,1545,483949.62,120987.40
62,49,Healthcare/Physicians,Warehousing,0.94,7.18,6.24,UNDERPAYING,2,99,460725.41,230362.70
31,21,Manufacturing/Forging,Mining/Oil & Gas,6.31,4.72,-1.59,OVERPAYING,7,387,458913.11,65559.02
22,44,Utilities,Retail/Grocery,3.14,3.99,0.85,UNDERPAYING,7,718,455161.74,65023.11
56,42,Admin/Waste Services,Wholesale Trade,3.82,4.56,0.74,UNDERPAYING,15,755,416678.46,27778.56
33,55,Metal/Electronics Mfg,Management of Companies,4.87,0.21,-4.66,OVERPAYING,2,117,406625.08,203312.54
31,22,Manufacturing/Forging,Utilities,6.31,3.14,-3.17,OVERPAYING,1,168,397183.25,397183.25
61,53,Education,Real Estate,0.64,0.54,-0.10,OVERPAYING,7,5249,391470.42,55924.35
56,71,Admin/Waste Services,Arts/Entertainment,3.82,2.89,-0.93,OVERPAYING,3,564,391187.02,130395.67
22,45,Utilities,Retail/General Merch,3.14,2.74,-0.40,OVERPAYING,4,1280,381849.60,95462.40
61,32,Education,Plastics/Chemical Mfg,0.64,5.24,4.60,UNDERPAYING,1,106,363652.08,363652.08
44,22,Retail/Grocery,Utilities,3.99,3.14,-0.85,OVERPAYING,7,571,361974.03,51710.58
51,92,Information/Tech,Public Administration,0.42,0.36,-0.06,OVERPAYING,18,7891,353106.47,19617.03
54,49,Professional Services,Warehousing,0.21,7.18,6.97,UNDERPAYING,1,65,337884.69,337884.69
21,61,Mining/Oil & Gas,Education,4.72,0.64,-4.08,OVERPAYING,2,111,337757.90,168878.95
56,21,Admin/Waste Services,Mining/Oil & Gas,3.82,4.72,0.90,UNDERPAYING,2,502,336952.44,168476.22
32,71,Plastics/Chemical Mfg,Arts/Entertainment,5.24,2.89,-2.35,OVERPAYING,2,192,336504.96,168252.48
21,72,Mining/Oil & Gas,Accommodation/Food,4.72,2.47,-2.25,OVERPAYING,1,193,323863.65,323863.65
52,81,Finance/Insurance,Other Services,0.21,1.73,1.52,UNDERPAYING,9,285,323080.56,35897.84
21,11,Mining/Oil & Gas,Agriculture/Nurseries,4.72,5.91,1.19,UNDERPAYING,2,361,320388.22,160194.11
21,32,Mining/Oil & Gas,Plastics/Chemical Mfg,4.72,5.24,0.52,UNDERPAYING,11,788,305599.01,27781.73
11,53,Agriculture/Nurseries,Real Estate,5.91,0.54,-5.37,OVERPAYING,3,74,296366.00,98788.67
51,71,Information/Tech,Arts/Entertainment,0.42,2.89,2.47,UNDERPAYING,2,152,280003.15,140001.58
92,52,Public Administration,Finance/Insurance,0.36,0.21,-0.15,OVERPAYING,4,2385,266809.95,66702.49
51,21,Information/Tech,Mining/Oil & Gas,0.42,4.72,4.30,UNDERPAYING,1,81,259762.14,259762.14
42,21,Wholesale Trade,Mining/Oil & Gas,4.56,4.72,0.16,UNDERPAYING,14,2086,248918.21,17779.87
45,11,Retail/General Merch,Agriculture/Nurseries,2.74,5.91,3.17,UNDERPAYING,2,105,248239.53,124119.76
62,55,Healthcare/Physicians,Management of Companies,0.94,0.21,-0.73,OVERPAYING,1,451,245539.73,245539.73
71,32,Arts/Entertainment,Plastics/Chemical Mfg,2.89,5.24,2.35,UNDERPAYING,2,139,243615.57,121807.79
11,42,Agriculture/Nurseries,Wholesale Trade,5.91,4.56,-1.35,OVERPAYING,3,236,237611.88,79203.96
52,49,Finance/Insurance,Warehousing,0.21,7.18,6.97,UNDERPAYING,1,45,233920.17,233920.17
11,45,Agriculture/Nurseries,Retail/General Merch,5.91,2.74,-3.17,OVERPAYING,3,98,231690.23,77230.08
92,61,Public Administration,Education,0.36,0.64,0.28,UNDERPAYING,5,1108,231376.99,46275.40
11,31,Agriculture/Nurseries,Manufacturing/Forging,5.91,6.31,0.40,UNDERPAYING,5,740,220756.80,44151.36
53,45,Real Estate,Retail/General Merch,0.54,2.74,2.20,UNDERPAYING,1,134,219861.84,219861.84
71,42,Arts/Entertainment,Wholesale Trade,2.89,4.56,1.67,UNDERPAYING,5,174,216714.56,43342.91
45,21,Retail/General Merch,Mining/Oil & Gas,2.74,4.72,1.98,UNDERPAYING,3,146,215595.86,71865.29
52,11,Finance/Insurance,Agriculture/Nurseries,0.21,5.91,5.70,UNDERPAYING,1,49,208301.94,208301.94
22,52,Utilities,Finance/Insurance,3.14,0.21,-2.93,OVERPAYING,1,95,207593.43,207593.43
53,61,Real Estate,Education,0.54,0.64,0.10,UNDERPAYING,16,2717,202633.86,12664.62
56,22,Admin/Waste Services,Utilities,3.82,3.14,-0.68,OVERPAYING,3,387,196264.73,65421.58
48,42,Transportation/Trucking,Wholesale Trade,7.88,4.56,-3.32,OVERPAYING,2,73,180752.09,90376.04
45,72,Retail/General Merch,Accommodation/Food,2.74,2.47,-0.27,OVERPAYING,6,847,170557.00,28426.17
52,92,Finance/Insurance,Public Administration,0.21,0.36,0.15,UNDERPAYING,5,1423,159191.01,31838.20
48,31,Transportation/Trucking,Manufacturing/Forging,7.88,6.31,-1.57,OVERPAYING,3,133,155730.50,51910.17
22,72,Utilities,Accommodation/Food,3.14,2.47,-0.67,OVERPAYING,1,198,98937.83,98937.83
21,33,Mining/Oil & Gas,Metal/Electronics Mfg,4.72,4.87,0.15,UNDERPAYING,11,877,98109.99,8919.09
81,72,Other Services,Accommodation/Food,1.73,2.47,0.74,UNDERPAYING,7,177,97684.88,13954.98
21,42,Mining/Oil & Gas,Wholesale Trade,4.72,4.56,-0.16,OVERPAYING,3,784,93553.15,31184.38
53,55,Real Estate,Management of Companies,0.54,0.21,-0.33,OVERPAYING,1,327,80479.28,80479.28
21,22,Mining/Oil & Gas,Utilities,4.72,3.14,-1.58,OVERPAYING,2,63,74236.93,37118.47
51,22,Information/Tech,Utilities,0.42,3.14,2.72,UNDERPAYING,2,34,68971.58,34485.79
11,49,Agriculture/Nurseries,Warehousing,5.91,7.18,1.27,UNDERPAYING,1,70,66301.62,66301.62
92,32,Public Administration,Plastics/Chemical Mfg,0.36,5.24,4.88,UNDERPAYING,1,18,65511.07,65511.07
92,22,Public Administration,Utilities,0.36,3.14,2.78,UNDERPAYING,1,31,64273.04,64273.04
44,21,Retail/Grocery,Mining/Oil & Gas,3.99,4.72,0.73,UNDERPAYING,3,116,63154.34,21051.45
21,71,Mining/Oil & Gas,Arts/Entertainment,4.72,2.89,-1.83,OVERPAYING,1,43,58687.00,58687.00
56,45,Admin/Waste Services,Retail/General Merch,3.82,2.74,-1.08,OVERPAYING,1,68,54771.55,54771.55
11,21,Agriculture/Nurseries,Mining/Oil & Gas,5.91,4.72,-1.19,OVERPAYING,1,61,54137.62,54137.62
71,22,Arts/Entertainment,Utilities,2.89,3.14,0.25,UNDERPAYING,2,284,52951.80,26475.90
45,71,Retail/General Merch,Arts/Entertainment,2.74,2.89,0.15,UNDERPAYING,14,408,45642.96,3260.21
71,45,Arts/Entertainment,Retail/General Merch,2.89,2.74,-0.15,OVERPAYING,2,398,44524.26,22262.13
21,53,Mining/Oil & Gas,Real Estate,4.72,0.54,-4.18,OVERPAYING,1,14,43644.22,43644.22
51,53,Information/Tech,Real Estate,0.42,0.54,0.12,UNDERPAYING,1,366,32755.54,32755.54
71,21,Arts/Entertainment,Mining/Oil & Gas,2.89,4.72,1.83,UNDERPAYING,1,24,32755.54,32755.54
52,33,Finance/Insurance,Metal/Electronics Mfg,0.21,4.87,4.66,UNDERPAYING,1,6,20852.57,20852.57
61,72,Education,Accommodation/Food,0.64,2.47,1.83,UNDERPAYING,1,15,20472.21,20472.21
81,45,Other Services,Retail/General Merch,1.73,2.74,1.01,UNDERPAYING,1,18,13558.64,13558.64
51,61,Information/Tech,Education,0.42,0.64,0.22,UNDERPAYING,2,68,11157.17,5578.58
53,49,Real Estate,Warehousing,0.54,7.18,6.64,UNDERPAYING,1,2,9904.22,9904.22
52,61,Finance/Insurance,Education,0.21,0.64,0.43,UNDERPAYING,1,22,7055.27,7055.27
99,54,Unknown,Professional Services,,0.21,,SAME,1,47,0.00,0.00
56,56,Admin/Waste Services,Admin/Waste Services,3.82,3.82,0.00,SAME,261,54189,0.00,0.00
33,33,Metal/Electronics Mfg,Metal/Electronics Mfg,4.87,4.87,0.00,SAME,456,333883,0.00,0.00
35,53,Unknown,Real Estate,,0.54,,SAME,7,18,0.00,0.00
35,33,Unknown,Metal/Electronics Mfg,,4.87,,SAME,1,25,0.00,0.00
35,56,Unknown,Admin/Waste Services,,3.82,,SAME,1,45,0.00,0.00
36,32,Unknown,Plastics/Chemical Mfg,,5.24,,SAME,1,520,0.00,0.00
41,44,Unknown,Retail/Grocery,,3.99,,SAME,1,35,0.00,0.00
41,56,Unknown,Admin/Waste Services,,3.82,,SAME,1,35,0.00,0.00
35,22,Unknown,Utilities,,3.14,,SAME,2,64,0.00,0.00
55,54,Management of Companies,Professional Services,0.21,0.21,0.00,SAME,2,2151,0.00,0.00
42,42,Wholesale Trade,Wholesale Trade,4.56,4.56,0.00,SAME,57,3116,0.00,0.00
55,52,Management of Companies,Finance/Insurance,0.21,0.21,0.00,SAME,43,4787,0.00,0.00
43,49,Unknown,Warehousing,,7.18,,SAME,1,48,0.00,0.00
54,55,Professional Services,Management of Companies,0.21,0.21,0.00,SAME,1,1409,0.00,0.00
54,54,Professional Services,Professional Services,0.21,0.21,0.00,SAME,89,28755,0.00,0.00
45,45,Retail/General Merch,Retail/General Merch,2.74,2.74,0.00,SAME,74,32123,0.00,0.00
53,53,Real Estate,Real Estate,0.54,0.54,0.00,SAME,46,5630,0.00,0.00
54,52,Professional Services,Finance/Insurance,0.21,0.21,0.00,SAME,16,3722,0.00,0.00
44,44,Retail/Grocery,Retail/Grocery,3.99,3.99,0.00,SAME,713,52445,0.00,0.00
87,23,Unknown,Construction/Carpentry,,11.61,,SAME,18,809,0.00,0.00
83,51,Unknown,Information/Tech,,0.42,,SAME,1,109,0.00,0.00
99,51,Unknown,Information/Tech,,0.42,,SAME,3,391,0.00,0.00
10,49,Unknown,Warehousing,,7.18,,SAME,1,60,0.00,0.00
11,11,Agriculture/Nurseries,Agriculture/Nurseries,5.91,5.91,0.00,SAME,69,6653,0.00,0.00
87,92,Unknown,Public Administration,,0.36,,SAME,6,765,0.00,0.00
90,51,Unknown,Information/Tech,,0.42,,SAME,1,74,0.00,0.00
83,62,Unknown,Healthcare/Physicians,,0.94,,SAME,1,233,0.00,0.00
99,53,Unknown,Real Estate,,0.54,,SAME,2,38,0.00,0.00
52,52,Finance/Insurance,Finance/Insurance,0.21,0.21,0.00,SAME,6,587,0.00,0.00
32,32,Plastics/Chemical Mfg,Plastics/Chemical Mfg,5.24,5.24,0.00,SAME,232,81798,0.00,0.00
59,54,Unknown,Professional Services,,0.21,,SAME,3,35,0.00,0.00
61,61,Education,Education,0.64,0.64,0.00,SAME,35,9023,0.00,0.00
23,23,Construction/Carpentry,Construction/Carpentry,11.61,11.61,0.00,SAME,158,190302,0.00,0.00
62,62,Healthcare/Physicians,Healthcare/Physicians,0.94,0.94,0.00,SAME,1313,1043630,0.00,0.00
26,62,Unknown,Healthcare/Physicians,,0.94,,SAME,1,29,0.00,0.00
25,81,Unknown,Other Services,,1.73,,SAME,1,50,0.00,0.00
27,32,Unknown,Plastics/Chemical Mfg,,5.24,,SAME,1,279,0.00,0.00
63,62,Unknown,Healthcare/Physicians,,0.94,,SAME,1,400,0.00,0.00
63,23,Unknown,Construction/Carpentry,,11.61,,SAME,1,10,0.00,0.00
51,51,Information/Tech,Information/Tech,0.42,0.42,0.00,SAME,138,18397,0.00,0.00
28,54,Unknown,Professional Services,,0.21,,SAME,7,11,0.00,0.00
31,31,Manufacturing/Forging,Manufacturing/Forging,6.31,6.31,0.00,SAME,51,16937,0.00,0.00
46,33,Unknown,Metal/Electronics Mfg,,4.87,,SAME,1,205,0.00,0.00
72,72,Accommodation/Food,Accommodation/Food,2.47,2.47,0.00,SAME,46,10746,0.00,0.00
22,22,Utilities,Utilities,3.14,3.14,0.00,SAME,143,70908,0.00,0.00
80,56,Unknown,Admin/Waste Services,,3.82,,SAME,1,559,0.00,0.00
76,62,Unknown,Healthcare/Physicians,,0.94,,SAME,1,45,0.00,0.00
71,71,Arts/Entertainment,Arts/Entertainment,2.89,2.89,0.00,SAME,44,9591,0.00,0.00
48,48,Transportation/Trucking,Transportation/Trucking,7.88,7.88,0.00,SAME,195,91693,0.00,0.00
49,49,Warehousing,Warehousing,7.18,7.18,0.00,SAME,18,2913,0.00,0.00
94,48,Unknown,Transportation/Trucking,,7.88,,SAME,2,176,0.00,0.00
92,92,Public Administration,Public Administration,0.36,0.36,0.00,SAME,184,63588,0.00,0.00
95,51,Unknown,Information/Tech,,0.42,,SAME,1,1311,0.00,0.00
99,21,Unknown,Mining/Oil & Gas,,4.72,,SAME,4,740,0.00,0.00
99,33,Unknown,Metal/Electronics Mfg,,4.87,,SAME,1,179,0.00,0.00
99,42,Unknown,Wholesale Trade,,4.56,,SAME,81,3257,0.00,0.00
81,81,Other Services,Other Services,1.73,1.73,0.00,SAME,53,6530,0.00,0.00
17,11,Unknown,Agriculture/Nurseries,,5.91,,SAME,1,15,0.00,0.00
17,23,Unknown,Construction/Carpentry,,11.61,,SAME,4,178,0.00,0.00
20,51,Unknown,Information/Tech,,0.42,,SAME,1,100,0.00,0.00
21,21,Mining/Oil & Gas,Mining/Oil & Gas,4.72,4.72,0.00,SAME,51,6706,0.00,0.00
99,62,Unknown,Healthcare/Physicians,,0.94,,SAME,1,22,0.00,0.00
99,81,Unknown,Other Services,,1.73,,SAME,2,445,0.00,0.00
99,92,Unknown,Public Administration,,0.36,,SAME,11,478,0.00,0.00
